,name,mkdocs_theme,mkdocs_plugin,extra_dependencies,github_id,pypi_id,labels,category,homepage,dependent_project_count,github_dependent_project_count,contributor_count,pypi_url,pypi_monthly_downloads,monthly_downloads,description,projectrank,show,projectrank_placing,license,markdown_extension,trending,gitlab_id,gitlab_url,created_at,fork_count,open_issue_count,closed_issue_count,star_count,release_count,updated_at,shadowed,dockerhub_id,dockerhub_url,dockerhub_latest_release_published_at,dockerhub_pulls,pypi,bitbucket_id
0,Material for MkDocs,material,"['material/blog', 'material/group', 'material/offline', 'material/search', 'material/social', 'material/tags']",{'plugins.social': 'mkdocs-material[imaging]'},squidfunk/mkdocs-material,mkdocs-material,"['theme', 'plugin']",theming,{},91769.0,91769.0,332.0,https://pypi.org/project/mkdocs-material,17661254.0,17661254.0,,17,True,1.0,,,,,,,,,,,,,,,,,,,
1,mkdocstrings,,mkdocstrings,"{'plugins.mkdocstrings.handlers.crystal': 'mkdocstrings-crystal', 'plugins.mkdocstrings.handlers.python': 'mkdocstrings-python'}",mkdocstrings/mkdocstrings,mkdocstrings,['plugin'],api-docs,{},29703.0,29703.0,55.0,https://pypi.org/project/mkdocstrings,8318111.0,8318111.0,,15,True,1.0,,,,,,,,,,,,,,,,,,,
2,macros,,macros,,fralau/mkdocs_macros_plugin,mkdocs-macros-plugin,['plugin'],code-exec-templating,{},7125.0,7125.0,36.0,https://pypi.org/project/mkdocs-macros-plugin,2361344.0,2361344.0,,15,True,1.0,MIT,,,,,,,,,,,,,,,,,,
3,MkDocs GLightbox,,glightbox,,blueswen/mkdocs-glightbox,mkdocs-glightbox,['plugin'],charts,{},6401.0,6401.0,9.0,https://pypi.org/project/mkdocs-glightbox,1421789.0,1421789.0,,12,True,1.0,,,,,,,,,,,,,,,,,,,
4,gen-files,,gen-files,,oprypin/mkdocs-gen-files,mkdocs-gen-files,['plugin'],code-exec-templating,{},4714.0,4714.0,6.0,https://pypi.org/project/mkdocs-gen-files,1471458.0,1471458.0,,12,True,1.0,,,,,,,,,,,,,,,,,,,
5,minify,,minify,,byrnereese/mkdocs-minify-plugin,mkdocs-minify-plugin,['plugin'],html-css,{},12623.0,12623.0,14.0,https://pypi.org/project/mkdocs-minify-plugin,1048672.0,1048672.0,,12,True,1.0,,,,,,,,,,,,,,,,,,,
6,mike,,mike,,jimporter/mike,mike,['plugin'],site-management,{},6910.0,6910.0,9.0,https://pypi.org/project/mike,1642861.0,1642861.0,,12,True,1.0,,,,,,,,,,,,,,,,,,,
7,include-markdown,,include-markdown,,mondeja/mkdocs-include-markdown-plugin,mkdocs-include-markdown-plugin,['plugin'],snippets-include,{},4148.0,4148.0,18.0,https://pypi.org/project/mkdocs-include-markdown-plugin,720101.0,720101.0,,12,True,1.0,,,,,,,,,,,,,,,,,,,
8,Math extension,,,,mitya57/python-markdown-math,python-markdown-math,['markdown'],markdown,{},4065.0,4065.0,8.0,https://pypi.org/project/python-markdown-math,421069.0,421069.0,,11,True,1.0,,mdx_math,-10.0,,,,,,,,,,,,,,,,
9,monorepo,,monorepo,,backstage/mkdocs-monorepo-plugin,mkdocs-monorepo-plugin,['plugin'],site-management,{},690.0,690.0,32.0,https://pypi.org/project/mkdocs-monorepo-plugin,1958118.0,1958118.0,,11,True,1.0,,,,,,,,,,,,,,,,,,,
10,techdocs-core,,techdocs-core,,backstage/mkdocs-techdocs-core,mkdocs-techdocs-core,['plugin'],site-management,{},224.0,224.0,51.0,https://pypi.org/project/mkdocs-techdocs-core,822661.0,822661.0,,11,True,1.0,,,,,,,,,,,,,,,,,,,
11,Cinder,cinder,,,chrissimpkins/cinder,mkdocs-cinder,['theme'],theming,{},710.0,710.0,23.0,https://pypi.org/project/mkdocs-cinder,6586.0,6586.0,,10,True,1.0,MIT,,,,,,,,,,,,,,,,,,
12,Windmill,windmill,,,gristlabs/mkdocs-windmill,mkdocs-windmill,['theme'],theming,{},367.0,367.0,8.0,https://pypi.org/project/mkdocs-windmill,8534.0,8534.0,,10,True,1.0,MIT,,,,,,,,,,,,,,,,,,
13,markdownextradata,,markdownextradata,,rosscdh/mkdocs-markdownextradata-plugin,mkdocs-markdownextradata-plugin,['plugin'],code-exec-templating,{},1669.0,1669.0,12.0,https://pypi.org/project/mkdocs-markdownextradata-plugin,111692.0,111692.0,,10,True,2.0,,,-10.0,,,,,,,,,,,,,,,,
14,git-revision-date,,git-revision-date,,zhaoterryy/mkdocs-git-revision-date-plugin,mkdocs-git-revision-date-plugin,['plugin'],git-info,{},3042.0,3042.0,7.0,https://pypi.org/project/mkdocs-git-revision-date-plugin,144237.0,144237.0,,10,True,1.0,,,-10.0,,,,,,,,,,,,,,,,
15,mkdocs-multirepo-plugin,,multirepo,,jdoiro3/mkdocs-multirepo-plugin,mkdocs-multirepo-plugin,['plugin'],site-management,{},263.0,263.0,17.0,https://pypi.org/project/mkdocs-multirepo-plugin,68752.0,68752.0,,9,True,2.0,,,,,,,,,,,,,,,,,,,
16,same-dir,,same-dir,,oprypin/mkdocs-same-dir,mkdocs-same-dir,['plugin'],site-management,{},571.0,571.0,3.0,https://pypi.org/project/mkdocs-same-dir,124146.0,124146.0,,9,True,2.0,,,,,,,,,,,,,,,,,,,
17,meta-descriptions,,meta-descriptions,,prcr/mkdocs-meta-descriptions-plugin,mkdocs-meta-descriptions-plugin,['plugin'],snippets-include,{},1279.0,1279.0,3.0,https://pypi.org/project/mkdocs-meta-descriptions-plugin,16898.0,16898.0,,9,True,2.0,,,,,,,,,,,,,,,,,,,
18,MkApi,,mkapi,,daizutabi/mkapi,mkapi,['plugin'],api-docs,{},269.0,269.0,6.0,https://pypi.org/project/mkapi,12130.0,12130.0,,8,True,1.0,,,,,,,,,,,,,,,,,,,
19,mkdocstrings-python,,,,mkdocstrings/python,mkdocstrings-python,,api-docs,{},,,30.0,https://pypi.org/project/mkdocstrings-python,11888158.0,11888158.0,,8,True,1.0,,,,,,,,,,,,,,,,,,,
20,meta-manager,,meta-manager,,timmeinerzhagen/mkdocs-meta-manager,mkdocs-meta-manager,['plugin'],code-exec-templating,{},22.0,22.0,3.0,https://pypi.org/project/mkdocs-meta-manager,922631.0,922631.0,,8,True,2.0,,,,,,,,,,,,,,,,,,,
21,mkdocs-coverage,,coverage,,pawamoy/mkdocs-coverage,mkdocs-coverage,['plugin'],integrations,{},367.0,367.0,2.0,https://pypi.org/project/mkdocs-coverage,75440.0,75440.0,,8,True,1.0,,,-10.0,,,,,,,,,,,,,,,,
22,autolinks,,autolinks,,zachhannum/mkdocs-autolinks-plugin,mkdocs-autolinks-plugin,['plugin'],links-refs,{},733.0,733.0,10.0,https://pypi.org/project/mkdocs-autolinks-plugin,57856.0,57856.0,,8,True,1.0,,,,,,,,,,,,,,,,,,,
23,PyMdown Extensions,,,,facelessuser/pymdown-extensions,pymdown-extensions,['markdown'],markdown,{},62550.0,62550.0,56.0,https://pypi.org/project/pymdown-extensions,,,,8,True,1.0,,"['pymdownx.arithmatex', 'pymdownx.b64', 'pymdownx.betterem', 'pymdownx.blocks.admonition', 'pymdownx.blocks.definition', 'pymdownx.blocks.details', 'pymdownx.blocks.html', 'pymdownx.blocks.tab', 'pymdownx.caret', 'pymdownx.critic', 'pymdownx.details', 'pymdownx.emoji', 'pymdownx.escapeall', 'pymdownx.extra', 'pymdownx.highlight', 'pymdownx.inlinehilite', 'pymdownx.keys', 'pymdownx.magiclink', 'pymdownx.mark', 'pymdownx.pathconverter', 'pymdownx.progressbar', 'pymdownx.saneheaders', 'pymdownx.smartsymbols', 'pymdownx.snippets', 'pymdownx.striphtml', 'pymdownx.superfences', 'pymdownx.tabbed', 'pymdownx.tasklist', 'pymdownx.tilde']",,,,,,,,,,,,,,,,,
24,mkdocs-spellcheck,,spellcheck,,pawamoy/mkdocs-spellcheck,mkdocs-spellcheck,['plugin'],quality,{},89.0,89.0,7.0,https://pypi.org/project/mkdocs-spellcheck,87955.0,87955.0,,8,True,1.0,,,,,,,,,,,,,,,,,,,
25,mkdocs_puml,,plantuml,,MikhailKravets/mkdocs_puml,mkdocs-puml,['plugin'],charts,{},81.0,81.0,10.0,https://pypi.org/project/mkdocs-puml,52800.0,52800.0,,7,True,1.0,,,,,,,,,,,,,,,,,,,
26,build-plantuml,,build_plantuml,,quantorconsulting/mkdocs_build_plantuml,mkdocs-build-plantuml-plugin,['plugin'],charts,{},147.0,147.0,14.0,https://pypi.org/project/mkdocs-build-plantuml-plugin,29188.0,29188.0,,7,True,1.0,,,,,,,,,,,,,,,,,,,
27,mkdocs-jupyter,,mkdocs-jupyter,,danielfrg/mkdocs-jupyter,mkdocs-jupyter,['plugin'],code-exec-templating,{},5336.0,5336.0,39.0,https://pypi.org/project/mkdocs-jupyter,,,,7,True,2.0,,,,,,,,,,,,,,,,,,,
28,git-revision-date-localized,,git-revision-date-localized,,timvink/mkdocs-git-revision-date-localized-plugin,mkdocs-git-revision-date-localized-plugin,['plugin'],git-info,{},12867.0,12867.0,43.0,https://pypi.org/project/mkdocs-git-revision-date-localized-plugin,,,,7,True,2.0,,,,,,,,,,,,,,,,,,,
29,mkdocs-nav-weight,,mkdocs-nav-weight,,shu307/mkdocs-nav-weight,mkdocs-nav-weight,['plugin'],nav-pages,{},135.0,135.0,4.0,https://pypi.org/project/mkdocs-nav-weight,47348.0,47348.0,,7,True,1.0,,,,,,,,,,,,,,,,,,,
30,mkdocs-exporter,,exporter,,adrienbrignon/mkdocs-exporter,mkdocs-exporter,['plugin'],site-conversion,{},51.0,51.0,4.0,https://pypi.org/project/mkdocs-exporter,23034.0,23034.0,,7,True,1.0,,,-10.0,,,,,,,,,,,,,,,,
31,simple,,simple,,athackst/mkdocs-simple-plugin,mkdocs-simple-plugin,['plugin'],site-management,{},64.0,64.0,8.0,https://pypi.org/project/mkdocs-simple-plugin,50586.0,50586.0,,7,True,2.0,,,,,,,,,,,,,,,,,,,
32,mkdocs-versioning,,mkdocs-versioning,,zayd62/mkdocs-versioning,mkdocs-versioning,['plugin'],site-management,{},182.0,182.0,5.0,https://pypi.org/project/mkdocs-versioning,11260.0,11260.0,,7,True,2.0,,,,,,,,,,,,,,,,,,,
33,markdown-version-annotations,,,,glennmatthews/markdown-version-annotations,markdown-version-annotations,['markdown'],snippets-include,{},106.0,106.0,,https://pypi.org/project/markdown-version-annotations,20827.0,20827.0,,7,True,2.0,,markdown_version_annotations,,,,,,,,,,,,,,,,,
34,Publisher for MkDocs - blog,,pub-blog,,mkdocs-publisher/mkdocs-publisher,mkdocs-publisher,['plugin'],blogging,{},101.0,101.0,4.0,https://pypi.org/project/mkdocs-publisher,5404.0,5404.0,"Blogging engine with support for categories, tags and archive.",6,True,1.0,,,,,,,,,,,,,,,,,,,
35,mermaid2,,mermaid2,,fralau/mkdocs-mermaid2-plugin,mkdocs-mermaid2-plugin,['plugin'],charts,{},3956.0,3956.0,17.0,https://pypi.org/project/mkdocs-mermaid2-plugin,,,,6,True,1.0,,,,,,,,,,,,,,,,,,,
36,Markdown blockdiag,,,,gisce/markdown-blockdiag,markdown-blockdiag,['markdown'],charts,{},149.0,149.0,5.0,https://pypi.org/project/markdown-blockdiag,2444.0,2444.0,,6,True,1.0,,markdown_blockdiag,,,,,,,,,,,,,,,,,
37,plantuml-markdown,,,,mikitex70/plantuml-markdown,plantuml-markdown,['markdown'],charts,{},1833.0,1833.0,30.0,https://pypi.org/project/plantuml-markdown,,,,6,True,1.0,,plantuml_markdown,,,,,,,,,,,,,,,,,
38,mkdocs-extra-sass-plugin,,extra-sass,,orzih/mkdocs-extra-sass-plugin,mkdocs-extra-sass-plugin,['plugin'],html-css,{},94.0,94.0,,https://pypi.org/project/mkdocs-extra-sass-plugin,7470.0,7470.0,,6,True,1.0,,,,,,,,,,,,,,,,,,,
39,mkdocs-redirects,,redirects,,mkdocs/mkdocs-redirects,mkdocs-redirects,['plugin'],links-refs,{},8053.0,8053.0,18.0,https://pypi.org/project/mkdocs-redirects,,,,6,True,1.0,,,,,,,,,,,,,,,,,,,
40,Publisher for MkDocs - meta,,pub-meta,,mkdocs-publisher/mkdocs-publisher,mkdocs-publisher,['plugin'],nav-pages,{},101.0,101.0,4.0,https://pypi.org/project/mkdocs-publisher,5404.0,5404.0,Automatic navigation based on files metadata with URL name and publication status control.,6,True,1.0,,,,,,,,,,,,,,,,,,,
41,Publisher for MkDocs - debugger,,pub-debugger,,mkdocs-publisher/mkdocs-publisher,mkdocs-publisher,['plugin'],site-management,{},101.0,101.0,4.0,https://pypi.org/project/mkdocs-publisher,5404.0,5404.0,Advanced console and file logger from build and serve process.,6,True,3.0,,,,,,,,,,,,,,,,,,,
42,Markdown-Include,,,,cmacmackin/markdown-include,markdown-include,['markdown'],snippets-include,{},8054.0,8054.0,12.0,https://pypi.org/project/markdown-include,,,,6,True,3.0,,markdown_include.include,,,,,,,,,,,,,,,,,
43,Bootswatch,"['cerulean', 'cosmo', 'cyborg', 'darkly', 'flatly', 'journal', 'litera', 'lumen', 'lux', 'materia', 'minty', 'pulse', 'sandstone', 'simplex', 'slate', 'solar', 'spacelab', 'superhero', 'united', 'yeti']",,,mkdocs/mkdocs-bootswatch,mkdocs-bootswatch,['theme'],theming,{},1272.0,1272.0,10.0,https://pypi.org/project/mkdocs-bootswatch,,,,5,True,2.0,,,,,,,,,,,,,,,,,,,
44,mkdocs-click,,,,mkdocs/mkdocs-click,mkdocs-click,['markdown'],api-docs,{},1282.0,1282.0,16.0,https://pypi.org/project/mkdocs-click,,,,5,True,2.0,,mkdocs-click,,,,,,,,,,,,,,,,,
45,mkdocstrings-shell,,,,mkdocstrings/shell,,,api-docs,{},75.0,75.0,,,,,,5,True,2.0,ISC,,,,,,,,,,,,,,,,,,
46,table-reader,,table-reader,,timvink/mkdocs-table-reader-plugin,mkdocs-table-reader-plugin,['plugin'],charts,{},,,9.0,https://pypi.org/project/mkdocs-table-reader-plugin,219687.0,219687.0,,5,True,2.0,,,,,,,,,,,,,,,,,,,
47,MkDocs Video,,mkdocs-video,,soulless-viewer/mkdocs-video,mkdocs-video,['plugin'],charts,{},1169.0,1169.0,5.0,https://pypi.org/project/mkdocs-video,,,,5,True,2.0,,,,,,,,,,,,,,,,,,,
48,markdown-exec,,markdown-exec,{'plugins.markdown-exec.ansi': 'markdown-exec[ansi]'},pawamoy/markdown-exec,markdown-exec,['plugin'],code-exec-templating,{},880.0,880.0,6.0,https://pypi.org/project/markdown-exec,,,,5,True,2.0,,,,,,,,,,,,,,,,,,,
49,mkdocs-data-plugin,,data,,joapuiib/mkdocs-data-plugin,mkdocs-data-plugin,['plugin'],code-exec-templating,{},5.0,5.0,,https://pypi.org/project/mkdocs-data-plugin,585.0,585.0,,5,True,2.0,MIT,,,,,,,,,,,,,,,,,,
50,git-authors,,git-authors,,timvink/mkdocs-git-authors-plugin,mkdocs-git-authors-plugin,['plugin'],git-info,{},1969.0,1969.0,17.0,https://pypi.org/project/mkdocs-git-authors-plugin,,,,5,True,2.0,,,,,,,,,,,,,,,,,,,
51,git-committers-2,,git-committers,,ojacques/mkdocs-git-committers-plugin-2,mkdocs-git-committers-plugin-2,['plugin'],git-info,{},1642.0,1642.0,19.0,https://pypi.org/project/mkdocs-git-committers-plugin-2,,,An MkDocs plugin to create a list of contributors on the page.,5,True,2.0,,,,,,,,,,,,,,,,,,,
52,mkdocs-git-latest-changes-plugin,,git-latest-changes,,tombreit/mkdocs-git-latest-changes-plugin,mkdocs-git-latest-changes-plugin,['plugin'],git-info,{},8.0,8.0,4.0,https://pypi.org/project/mkdocs-git-latest-changes-plugin,18775.0,18775.0,,5,True,2.0,,,,,,,,,,,,,,,,,,,
53,bootstrap-tables,,bootstrap-tables,,byrnereese/mkdocs-bootstrap-tables-plugin,mkdocs-bootstrap-tables-plugin,['plugin'],html-css,{},114.0,114.0,,https://pypi.org/project/mkdocs-bootstrap-tables-plugin,576.0,576.0,,5,True,2.0,,,,,,,,,,,,,,,,,,,
54,static-i18n,,i18n,,ultrabug/mkdocs-static-i18n,mkdocs-static-i18n,['plugin'],i18n-l10n,{},2685.0,2685.0,14.0,https://pypi.org/project/mkdocs-static-i18n,,,,5,True,1.0,,,,,,,,,,,,,,,,,,,
55,MkDocs asciinema-player,,asciinema-player,,pa-decarvalho/mkdocs-asciinema-player,mkdocs-asciinema-player,['plugin'],integrations,{},23.0,23.0,7.0,https://pypi.org/project/mkdocs-asciinema-player,1300.0,1300.0,,5,True,2.0,,,,,,,,,,,,,,,,,,,
56,mkdocs-callouts,,callouts,,sondregronas/mkdocs-callouts,mkdocs-callouts,['plugin'],markdown,{},1450.0,1450.0,3.0,https://pypi.org/project/mkdocs-callouts,,,,5,True,2.0,,,,,,,,,,,,,,,,,,,
57,Markdown Inline Graphviz,,,,cesaremorel/markdown-inline-graphviz,markdown-inline-graphviz-extension,['markdown'],markdown,{},,,9.0,https://pypi.org/project/markdown-inline-graphviz-extension,85131.0,85131.0,,5,True,2.0,,markdown_inline_graphviz,,,,,,,,,,,,,,,,,
58,exclude,,exclude,,apenwarr/mkdocs-exclude,mkdocs-exclude,['plugin'],nav-pages,{},3205.0,3205.0,,https://pypi.org/project/mkdocs-exclude,,,,5,True,1.0,,,,,,,,,,,,,,,,,,,
59,literate-nav,,literate-nav,,oprypin/mkdocs-literate-nav,mkdocs-literate-nav,['plugin'],nav-pages,{},3812.0,3812.0,,https://pypi.org/project/mkdocs-literate-nav,,,,5,True,1.0,,,,,,,,,,,,,,,,,,,
60,encryptcontent,,encryptcontent,,unverbuggt/mkdocs-encryptcontent-plugin,mkdocs-encryptcontent-plugin,['plugin'],nav-pages,{},1275.0,1275.0,7.0,https://pypi.org/project/mkdocs-encryptcontent-plugin,,,,5,True,1.0,,,,,,,,,,,,,,,,,,,
61,mkdocs-simple-hooks,,mkdocs-simple-hooks,,aklajnert/mkdocs-simple-hooks,mkdocs-simple-hooks,['plugin'],nav-pages,{},2336.0,2336.0,6.0,https://pypi.org/project/mkdocs-simple-hooks,,,,5,True,1.0,,,,,,,,,,,,,,,,,,,
62,schema-reader,,schema_reader,,magicaljellybeans/mkdocs_schema_reader,mkdocs-schema-reader,['plugin'],nav-pages,{},,,3.0,https://pypi.org/project/mkdocs-schema-reader,3013.0,3013.0,,5,True,1.0,MIT,,,,,,,,,,,,,,,,,,
63,include directory to navigation,,include_dir_to_nav,,mysiki/mkdocs_include_dir_to_nav,mkdocs-include-dir-to-nav,['plugin'],nav-pages,{},,,,https://pypi.org/project/mkdocs-include-dir-to-nav,64661.0,64661.0,,5,True,1.0,,,,,,,,,,,,,,,,,,,
64,mkdocs-breadcrumbs-plugin,,mkdocs-breadcrumbs-plugin,,mihaigalos/mkdocs-breadcrumbs-plugin,mkdocs-breadcrumbs-plugin,['plugin'],nav-pages,{},13.0,13.0,5.0,https://pypi.org/project/mkdocs-breadcrumbs-plugin,1657.0,1657.0,,5,True,1.0,,,,,,,,,,,,,,,,,,,
65,mkdocs-task-collector,,task-collector,,costantinoai/mkdocs-task-collector,mkdocs-task-collector,['plugin'],search-toc,{},5.0,5.0,2.0,https://pypi.org/project/mkdocs-task-collector,188353.0,188353.0,,5,True,1.0,,,,,,,,,,,,,,,,,,,
66,mkdocs-with-pdf,,with-pdf,,orzih/mkdocs-with-pdf,mkdocs-with-pdf,['plugin'],site-conversion,{},929.0,929.0,6.0,https://pypi.org/project/mkdocs-with-pdf,,,,5,True,2.0,,,,,,,,,,,,,,,,,,,
67,pdf-export,,pdf-export,,zhaoterryy/mkdocs-pdf-export-plugin,mkdocs-pdf-export-plugin,['plugin'],site-conversion,{},1530.0,1530.0,12.0,https://pypi.org/project/mkdocs-pdf-export-plugin,,,,5,True,2.0,,,,,,,,,,,,,,,,,,,
68,mkdocs-embed-external-markdown,,external-markdown,,fire1ce/mkdocs-embed-external-markdown,mkdocs-embed-external-markdown,['plugin'],snippets-include,{},177.0,177.0,7.0,https://pypi.org/project/mkdocs-embed-external-markdown,,,,5,True,3.0,MIT,,,,,,,,,,,,,,,,,,
69,BOOTSTRAP386,bootstrap386,,,,mkdocs-bootstrap386,['theme'],theming,https://gitlab.com/lramage/mkdocs-bootstrap386,,,,https://pypi.org/project/mkdocs-bootstrap386,,,A vintage 1980s DOS inspired Twitter Bootstrap theme for MkDocs https://lramage.gitlab.io/mkdocs-bootstrap386.,4,True,2.0,,,,lramage/mkdocs-bootstrap386,https://gitlab.com/lramage/mkdocs-bootstrap386,2018-06-06 02:30:09,3.0,4.0,3.0,37.0,1.0,2018-06-06 02:30:09.000000,,,,,,,
70,GitBook,gitbook,,,,mkdocs-gitbook,['theme'],theming,https://gitlab.com/lramage/mkdocs-gitbook-theme,,,,https://pypi.org/project/mkdocs-gitbook,,,Default theme for GitBook for Mkdocs https://lramage.gitlab.io/mkdocs-gitbook-theme.,4,True,2.0,,,,lramage/mkdocs-gitbook-theme,https://gitlab.com/lramage/mkdocs-gitbook-theme,2018-12-17 18:29:14,15.0,9.0,10.0,31.0,0.0,2018-12-17 18:29:14.000000,,,,,,,
71,Bootstrap,bootstrap,,,mkdocs/mkdocs-bootstrap,mkdocs-bootstrap,['theme'],theming,{},523.0,523.0,6.0,https://pypi.org/project/mkdocs-bootstrap,,,,4,True,2.0,,,,,,,,,,,,,,,,,,,
72,MkDocsOAD,,"['neoteroi.mkdocsoad', 'neoteroi.contribs']",,Neoteroi/mkdocs-plugins,neoteroi-mkdocs,"['plugin', 'markdown']",api-docs,{},530.0,530.0,13.0,https://pypi.org/project/neoteroi-mkdocs,,,Plugin for MkDocs to generate human readable documentation from OpenAPI Documentation Version 3 (also known as Swagger..,4,True,2.0,,"['neoteroi.cards', 'neoteroi.timeline', 'neoteroi.projects', 'neoteroi.spantable']",,,,,,,,,,,,,,,,,
73,mkdocstrings-crystal,,,,mkdocstrings/crystal,mkdocstrings-crystal,,api-docs,{},,,3.0,https://pypi.org/project/mkdocstrings-crystal,16316.0,16316.0,,4,True,2.0,,,,,,,,,,,,,,,,,,,
74,Blogs for MkDocs,,blog,,fmaida/mkdocs-blog-plugin,mkdocs-blog-plugin,['plugin'],blogging,{},226.0,226.0,,https://pypi.org/project/mkdocs-blog-plugin,,,,4,True,2.0,,,,,,,,,,,,,['mkdocs_plugin'],,,,,,
75,mkdocs-blogging-plugin,,blogging,,liang2kl/mkdocs-blogging-plugin,mkdocs-blogging-plugin,['plugin'],blogging,{},321.0,321.0,7.0,https://pypi.org/project/mkdocs-blogging-plugin,,,,4,True,2.0,,,,,,,,,,,,,,,,,,,
76,charts,,charts,,timvink/mkdocs-charts-plugin,mkdocs-charts-plugin,['plugin'],charts,{},,,5.0,https://pypi.org/project/mkdocs-charts-plugin,25990.0,25990.0,,4,True,2.0,,,,,,,,,,,,,,,,,,,
77,drawio-exporter,,drawio-exporter,,LukeCarrier/mkdocs-drawio-exporter,mkdocs-drawio-exporter,['plugin'],charts,{},,,5.0,https://pypi.org/project/mkdocs-drawio-exporter,10491.0,10491.0,,4,True,2.0,,,,,,,,,,,,,,,,,,,
78,mknotebooks,,mknotebooks,,greenape/mknotebooks,mknotebooks,['plugin'],code-exec-templating,{},799.0,799.0,14.0,https://pypi.org/project/mknotebooks,,,,4,True,3.0,,,,,,,,,,,,,,,,,,,
79,user-defined-values,,user-defined-values,,rahult/mkdocs-user-defined-values,mkdocs-user-defined-values,['plugin'],code-exec-templating,{},15.0,15.0,3.0,https://pypi.org/project/mkdocs-user-defined-values,,,,4,True,3.0,MIT,,,,,,,,,,,,,,,,,,
80,mkdocs-marimo,,marimo,,marimo-team/mkdocs-marimo,mkdocs-marimo,['plugin'],code-exec-templating,{},14.0,14.0,8.0,https://pypi.org/project/mkdocs-marimo,,,,4,True,3.0,Apache-2,,,,,,,,,,,,,,,,,,
81,git-committers,,git-committers,,byrnereese/mkdocs-git-committers-plugin,mkdocs-git-committers-plugin,['plugin'],git-info,{},355.0,355.0,7.0,https://pypi.org/project/mkdocs-git-committers-plugin,,,,4,True,3.0,,,,,,,,,,,,,['mkdocs_plugin'],,,,,,
82,enumerate-headings,,enumerate-headings,,timvink/mkdocs-enumerate-headings-plugin,mkdocs-enumerate-headings-plugin,['plugin'],html-css,{},397.0,397.0,6.0,https://pypi.org/project/mkdocs-enumerate-headings-plugin,,,,4,True,2.0,,,,,,,,,,,,,,,,,,,
83,MkDocs Backend for Foliant,,,,foliant-docs/foliantcontrib.mkdocs,foliantcontrib.mkdocs,[],integrations,{},35.0,35.0,5.0,https://pypi.org/project/foliantcontrib.mkdocs,244.0,244.0,,4,True,2.0,,,,,,,,,,,,,,,,,,,
84,MkDocs Swagger UI Tag,,swagger-ui-tag,,blueswen/mkdocs-swagger-ui-tag,mkdocs-swagger-ui-tag,['plugin'],integrations,{},447.0,447.0,10.0,https://pypi.org/project/mkdocs-swagger-ui-tag,,,,4,True,2.0,,,,,,,,,,,,,,,,,,,
85,mkdocs-llmstxt,,llmstxt,,pawamoy/mkdocs-llmstxt,mkdocs-llmstxt,['plugin'],integrations,{},644.0,644.0,5.0,https://pypi.org/project/mkdocs-llmstxt,,,,4,True,2.0,,,,,,,,,,,,,,,,,,,
86,ezglossary,,ezglossary,,realtimeprojects/mkdocs-ezglossary,mkdocs-ezglossary-plugin,['plugin'],links-refs,{},,,6.0,https://pypi.org/project/mkdocs-ezglossary-plugin,10599.0,10599.0,,4,True,2.0,,,,,,,,,,,,,,,,,,,
87,roamlinks,,roamlinks,,Jackiexiao/mkdocs-roamlinks-plugin,mkdocs-roamlinks-plugin,['plugin'],links-refs,{},,,10.0,https://pypi.org/project/mkdocs-roamlinks-plugin,33002.0,33002.0,,4,True,2.0,,,,,,,,,,,,,,,,,,,
88,htmlproofer,,htmlproofer,,manuzhang/mkdocs-htmlproofer-plugin,mkdocs-htmlproofer-plugin,['plugin'],links-refs,{},741.0,741.0,16.0,https://pypi.org/project/mkdocs-htmlproofer-plugin,,,,4,True,2.0,,,,,,,,,,,,,,,,,,,
89,Wikilink Plus,,,,neurobin/mdx_wikilink_plus,mdx-wikilink-plus,['markdown'],links-refs,{},,,5.0,https://pypi.org/project/mdx-wikilink-plus,13882.0,13882.0,,4,True,2.0,,mdx_wikilink_plus,,,,,,,,,,,,,,,,,
90,Breakless Lists,,,,adamb70/mdx-breakless-lists,mdx-breakless-lists,['markdown'],markdown,{},,,,https://pypi.org/project/mdx-breakless-lists,37723.0,37723.0,,4,True,2.0,,mdx_breakless_lists,,,,,,,,,,,,,,,,,
91,MarkdownSuperscript,,,,jambonrose/markdown_superscript_extension,MarkdownSuperscript,['markdown'],markdown,{},47.0,47.0,2.0,https://pypi.org/project/MarkdownSuperscript,226.0,226.0,,4,True,2.0,,superscript,,,,,,,,,,,,,,,,,
92,MarkdownSubscript,,,,jambonrose/markdown_subscript_extension,MarkdownSubscript,['markdown'],markdown,{},59.0,59.0,2.0,https://pypi.org/project/MarkdownSubscript,198.0,198.0,,4,True,2.0,,subscript,,,,,,,,,,,,,,,,,
93,Markdown PyCon,,,,pawamoy/markdown-pycon,,['markdown'],markdown,{},11.0,11.0,,,,,,4,True,2.0,ISC,pycon,,,,,,,,,,,,,,,,,
94,awesome-nav,,awesome-nav,,lukasgeiter/mkdocs-awesome-nav,mkdocs-awesome-nav,['plugin'],nav-pages,{},693.0,693.0,12.0,https://pypi.org/project/mkdocs-awesome-nav,,,,4,True,3.0,,,,,,,,,,,,,,,,,,,
95,mkdocs-live-edit-plugin,,live-edit,,eddyluten/mkdocs-live-edit-plugin,mkdocs-live-edit-plugin,['plugin'],nav-pages,{},18.0,18.0,6.0,https://pypi.org/project/mkdocs-live-edit-plugin,989.0,989.0,,4,True,3.0,,,,,,,,,,,,,,,,,,,
96,markdown-docs,,,,ldeluigi/markdown-docs,,['project'],site-management,{},111.0,111.0,6.0,,,,Generates documentation based on Markdown files and PlantUML syntax.,4,True,3.0,,,,,,,,,,,,2026-08-01 08:45:49.893230,,deloo/markdown-docs,https://hub.docker.com/r/deloo/markdown-docs,2026-08-01 08:45:49.893230,49679.0,,
97,codeinclude,,codeinclude,,rnorth/mkdocs-codeinclude-plugin,mkdocs-codeinclude-plugin,['plugin'],snippets-include,{},199.0,199.0,5.0,https://pypi.org/project/mkdocs-codeinclude-plugin,,,A plugin to include code snippets into mkdocs pages.,4,True,3.0,,,,,,,,,,,,,,,,,,,
98,markdown-katex,,,,,markdown-katex,['markdown'],markdown,https://gitlab.com/mbarkhau/markdown-katex,,,,https://pypi.org/project/markdown-katex,,,KaTeX extension for Python Markdown.,3,True,3.0,,markdown_katex,,mbarkhau/markdown-katex,https://gitlab.com/mbarkhau/markdown-katex,2019-05-14 07:53:31,4.0,4.0,13.0,11.0,0.0,2019-05-14 07:53:31.000000,,,,,,,
99,MkDocs Graphviz,,,,,mkdocs-graphviz,['markdown'],charts,https://gitlab.com/rod2ik/mkdocs-graphviz,,,,https://pypi.org/project/mkdocs-graphviz,,,"A mkdocs Extension that automatically renders Graphviz images, in SVG or PNG format, within your markdown file.",3,True,2.0,,mkdocs_graphviz,,rod2ik/mkdocs-graphviz,https://gitlab.com/rod2ik/mkdocs-graphviz,2021-05-03 14:28:32,1.0,6.0,5.0,6.0,3.0,2021-05-03 14:28:32.000000,,,,,,,
100,Nature,nature,,,waylan/mkdocs-nature,mkdocs-nature,['theme'],theming,{},52.0,52.0,3.0,https://pypi.org/project/mkdocs-nature,,,,3,True,2.0,,,,,,,,,,,,,,,,,,,
101,Simple Blog,simple-blog,,,FernandoCelmer/mkdocs-simple-blog,mkdocs-simple-blog,['theme'],theming,{},97.0,97.0,5.0,https://pypi.org/project/mkdocs-simple-blog,,,,3,True,2.0,,,,,,,,,,,,,,,,,,,
102,Terminal for MkDocs,terminal,['terminal/md-to-html'],,ntno/mkdocs-terminal,mkdocs-terminal,['theme'],theming,{},171.0,171.0,4.0,https://pypi.org/project/mkdocs-terminal,,,,3,True,2.0,,,,,,,,,,,,,,,,,,,
103,Dracula,dracula,,,dracula/mkdocs,mkdocs-dracula-theme,['theme'],theming,{},155.0,155.0,5.0,https://pypi.org/project/mkdocs-dracula-theme,,,,3,True,2.0,,,,,,,,,,,,,,,,,,,
104,Shadcn,shadcn,"['shadcn/search', 'shadcn/excalidraw']",,asiffer/mkdocs-shadcn,mkdocs-shadcn,"['theme', 'plugin']",theming,{},95.0,95.0,6.0,https://pypi.org/project/mkdocs-shadcn,,,,3,True,2.0,,,,,,,,,,,,,,,,,,,
105,mkdoxy,,mkdoxy,,JakubAndrysek/MkDoxy,mkdoxy,['plugin'],api-docs,{},74.0,74.0,18.0,https://pypi.org/project/mkdoxy,,,,3,True,2.0,,,,,,,,,,,,,,,,,,,
106,mkdocstrings-vba,,,,mkdocstrings/vba,mkdocstrings-vba,,api-docs,{},3.0,3.0,3.0,https://pypi.org/project/mkdocstrings-vba,187.0,187.0,,3,True,2.0,,,,,,,,,,,,,,,,,,,
107,mkdocs-api-autonav,,api-autonav,,tlambert03/mkdocs-api-autonav,mkdocs-api-autonav,['plugin'],api-docs,{},309.0,309.0,2.0,https://pypi.org/project/mkdocs-api-autonav,,,,3,True,2.0,,,,,,,,,,,,,,,,,,,
108,newsletter,,mkdocs-newsletter,,lyz-code/mkdocs-newsletter,mkdocs-newsletter,['plugin'],blogging,{},81.0,81.0,3.0,https://pypi.org/project/mkdocs-newsletter,,,,3,True,3.0,,,,,,,,,,,,,,,,,,,
109,kroki,,kroki,,AVATEAM-IT-SYSTEMHAUS/mkdocs-kroki-plugin,mkdocs-kroki-plugin,['plugin'],charts,{},93.0,93.0,19.0,https://pypi.org/project/mkdocs-kroki-plugin,,,,3,True,2.0,,,,,,,,,,,,,,,,,,,
110,mkdocs-diagrams,,diagrams,,zoni/mkdocs-diagrams,mkdocs-diagrams,['plugin'],charts,{},86.0,86.0,,https://pypi.org/project/mkdocs-diagrams,,,,3,True,2.0,,,,,,,,,,,,,,,,,,,
111,Lightgallery,,,,g-provost/lightgallery-markdown,lightgallery,['markdown'],charts,{},109.0,109.0,6.0,https://pypi.org/project/lightgallery,,,,3,True,2.0,,lightgallery,,,,,,,,,,,,,,,,,
112,markdown-captions,,,,Evidlo/markdown_captions,markdown-captions,['markdown'],charts,{},197.0,197.0,2.0,https://pypi.org/project/markdown-captions,,,,3,True,2.0,,markdown_captions,,,,,,,,,,,,,,,,,
113,Interactive Graph,,obsidian-interactive-graph,,daxcore/mkdocs-obsidian-interactive-graph-plugin,mkdocs-obsidian-interactive-graph-plugin,['plugin'],charts,{},53.0,53.0,4.0,https://pypi.org/project/mkdocs-obsidian-interactive-graph-plugin,,,,3,True,2.0,,,,,,,,,,,,,,,,,,,
114,panzoom,,panzoom,,PLAYG0N/mkdocs-panzoom,mkdocs-panzoom-plugin,['plugin'],charts,{},77.0,77.0,7.0,https://pypi.org/project/mkdocs-panzoom-plugin,,,,3,True,2.0,,,,,,,,,,,,,,,,,,,
115,mkdocs-bpmn-js,,bpmn-js,,madebyherzblut/mkdocs-bpmn-js,mkdocs-bpmn-js,['plugin'],charts,{},1.0,1.0,,https://pypi.org/project/mkdocs-bpmn-js,1680.0,1680.0,,3,True,2.0,,,,,,,,,,,,,,,,,,,
116,codeyaml,,codeyaml,,textileio/mkdocs-codeyaml-plugin,mkdocs-codeyaml-plugin,['plugin'],code-exec-templating,{},2.0,2.0,,https://pypi.org/project/mkdocs-codeyaml-plugin,43.0,43.0,,3,True,3.0,MIT,,,,,,,,,,,,,,,,,,
117,document-dates,,document-dates,,jaywhj/mkdocs-document-dates,mkdocs-document-dates,['plugin'],git-info,{},68.0,68.0,4.0,https://pypi.org/project/mkdocs-document-dates,,,,3,True,3.0,,,,,,,,,,,,,,,,,,,
118,mkdocs_safe_text,,mkdocs_safe_text,,raimon49/mkdocs-safe-text-plugin,mkdocs-safe-text-plugin,['plugin'],html-css,{},10.0,10.0,2.0,https://pypi.org/project/mkdocs-safe-text-plugin,486.0,486.0,,3,True,2.0,,,,,,,,,,,,,,,,,,,
119,add-number,,add-number,,ignorantshr/mkdocs-add-number-plugin,mkdocs-add-number-plugin,['plugin'],html-css,{},54.0,54.0,3.0,https://pypi.org/project/mkdocs-add-number-plugin,,,,3,True,2.0,,,,,,,,,,,,,,,,,,,
120,minify-html,,minify_html,,monosans/mkdocs-minify-html-plugin,mkdocs-minify-html-plugin,['plugin'],html-css,{},102.0,102.0,4.0,https://pypi.org/project/mkdocs-minify-html-plugin,,,,3,True,2.0,,,,,,,,,,,,,,,,,,,
121,Publisher for MkDocs - social,,pub-social,,mkdocs-publisher/mkdocs-publisher,mkdocs-publisher,['plugin'],html-css,{},,,4.0,https://pypi.org/project/mkdocs-publisher,5404.0,5404.0,Social media sharing helper.,3,True,2.0,,,,,,,,,,,,,,,,,,,
122,Publisher for MkDocs - minifier,,pub-minifier,,mkdocs-publisher/mkdocs-publisher,mkdocs-publisher,['plugin'],html-css,{},,,4.0,https://pypi.org/project/mkdocs-publisher,5404.0,5404.0,"Size optimization (minification) for HTML, CSS, JS, SVG, PNG and JPEG files.",3,True,2.0,,,,,,,,,,,,,,,,,,,
123,MkDocs Pygments,,pygments,,pawamoy/mkdocs-pygments,,['plugin'],html-css,{},7.0,7.0,,,,,,3,True,2.0,ISC,,,,,,,,,,,,,,,,,,
124,mkdocs-ai-summary,,ai-summary,,AIboy996/mkdocs-ai-summary,mkdocs-ai-summary,['plugin'],html-css,https://aiboy996.github.io/mkdocs-ai-summary/,4.0,4.0,,https://pypi.org/project/mkdocs-ai-summary,,,,3,True,2.0,MIT,,,,,,,,,,,,,,,,,,
125,Publisher for MkDocs - obsidian,,pub-obsidian,,mkdocs-publisher/mkdocs-publisher,mkdocs-publisher,['plugin'],integrations,{},,,4.0,https://pypi.org/project/mkdocs-publisher,5404.0,5404.0,"Obsidian.md integration including with support for wiki links, callouts, backlinks etc.",3,True,3.0,,,,,,,,,,,,,,,,,,,
126,ezlinks,,ezlinks,,orbikm/mkdocs-ezlinks-plugin,mkdocs-ezlinks-plugin,['plugin'],links-refs,{},179.0,179.0,,https://pypi.org/project/mkdocs-ezlinks-plugin,,,,3,True,2.0,,,,,,,,,,,,,,,,,,,
127,link-marker,,link-marker,,timmeinerzhagen/mkdocs-link-marker,mkdocs-link-marker,['plugin'],links-refs,{},54.0,54.0,3.0,https://pypi.org/project/mkdocs-link-marker,,,,3,True,2.0,,,,,,,,,,,,,,,,,,,
128,mkdocs-open-in-new-tab,,open-in-new-tab,,JakubAndrysek/mkdocs-open-in-new-tab,mkdocs-open-in-new-tab,['plugin'],links-refs,{},734.0,734.0,2.0,https://pypi.org/project/mkdocs-open-in-new-tab,,,,3,True,2.0,,,,,,,,,,,,,,,,,,,
129,markdown-callouts,,,,oprypin/markdown-callouts,markdown-callouts,['markdown'],markdown,{},757.0,757.0,2.0,https://pypi.org/project/markdown-callouts,,,,3,True,3.0,,"['callouts', 'github-callouts']",,,,,,,,,,,,,,,,,
130,YAML metadata,,,,sivakov512/python-markdown-full-yaml-metadata,markdown-full-yaml-metadata,['markdown'],markdown,{},96.0,96.0,7.0,https://pypi.org/project/markdown-full-yaml-metadata,,,,3,True,3.0,,full_yaml_metadata,,,,,,,,,,,,,,,,,
131,KBD Extension,,,,RickTalken/kbdextension,kbdextension,['markdown'],markdown,{},12.0,12.0,,https://pypi.org/project/kbdextension,111.0,111.0,,3,True,3.0,,kbdextension,,,,,,,,,,,,,,,,,
132,mkdocs-gallery,,gallery,,smarie/mkdocs-gallery,mkdocs-gallery,['plugin'],nav-pages,{},,,10.0,https://pypi.org/project/mkdocs-gallery,7947.0,7947.0,,3,True,3.0,,,,,,,,,,,,,,,,,,,
133,localsearch,,localsearch,,wilhelmer/mkdocs-localsearch,mkdocs-localsearch,['plugin'],search-toc,{},108.0,108.0,6.0,https://pypi.org/project/mkdocs-localsearch,,,,3,True,3.0,,,,,,,,,,,,,,,,,,,
134,mkpdfs,,mkpdfs,,comwes/mkpdfs-mkdocs-plugin,mkpdfs-mkdocs,['plugin'],site-conversion,{},66.0,66.0,9.0,https://pypi.org/project/mkpdfs-mkdocs,,,,3,True,2.0,,,,,,,,,,,,,,,,,,,
135,mkdocs-pandoc,,,,jgrassler/mkdocs-pandoc,mkdocs-pandoc,[],site-conversion,{},78.0,78.0,4.0,https://pypi.org/project/mkdocs-pandoc,,,,3,True,2.0,,,,,,,,,,,,,,,,,,,
136,MkHack3rs,,,,,,['project'],charts,https://eskool.gitlab.io/mkhack3rs/,,,,,,,Hacks & Integrations for Mkdocs / Material Theme.,2,True,3.0,,,,eskool/mkhack3rs,https://gitlab.com/eskool/mkhack3rs,2021-05-01 11:44:57,1.0,,,4.0,0.0,2021-05-01 11:44:57.000000,,,,,,,
137,CustomMill,custommill,,,Siphalor/mkdocs-custommill,mkdocs-custommill,['theme'],theming,{},24.0,24.0,8.0,https://pypi.org/project/mkdocs-custommill,,,,2,True,3.0,,,,,,,,,,,,,,,,,,,
138,GitHub,github,,,g3xx/mkdocs-Github,mkdocs-github,['theme'],theming,{},13.0,13.0,,https://pypi.org/project/mkdocs-github,,,,2,True,3.0,,,,,,,,,,,,,,,,,,,
139,SWAN,swan,,,swan-cern/mkdocs-swan,mkdocs-swan,['theme'],theming,{},12.0,12.0,5.0,https://pypi.org/project/mkdocs-swan,,,,2,True,3.0,,,,,,,,,,,,,,,,,,,
140,Zettelkasten,zettelkasten-solarized-light,['zettelkasten'],,buvis/mkdocs-zettelkasten,mkdocs-zettelkasten,['theme'],theming,{},6.0,6.0,5.0,https://pypi.org/project/mkdocs-zettelkasten,121.0,121.0,,2,True,3.0,,,,,,,,,,,,,,,,,,,
141,Moonstone,moonstone,,,byrnereese/mkdocs-moonstone,mkdocs-moonstone,['theme'],theming,{},18.0,18.0,,https://pypi.org/project/mkdocs-moonstone,,,,2,True,3.0,,,,,,,,,,,,,,,,,,,
142,automacdoc,,,,AlexandreKempf/automacdoc,automacdoc,[],api-docs,{},,,6.0,https://pypi.org/project/automacdoc,567.0,567.0,,2,True,3.0,,,,,,,,,,,,,,,,,,,
143,mkdocs-typer2,,mkdocs-typer2,,syn54x/mkdocs-typer2,mkdocs-typer2,['plugin'],api-docs,{},51.0,51.0,2.0,https://pypi.org/project/mkdocs-typer2,,,,2,True,3.0,,,,,,,,,,,,,,,,,,,
144,mkdocs-autoapi,,mkdocs-autoapi,,jcayers20/mkdocs-autoapi,mkdocs-autoapi,['plugin'],api-docs,{},137.0,137.0,2.0,https://pypi.org/project/mkdocs-autoapi,,,,2,True,3.0,,,,,,,,,,,,,,,,,,,
145,ansible-document,,,,,ansible-mkdocs,[],api-docs,https://pypi.org/project/ansible-mkdocs/,,,,https://pypi.org/project/ansible-mkdocs,23.0,23.0,Auto-generate ansible role documentation.,2,True,3.0,,,,,,,,,,,,,,,,,,,
146,markdownmermaid,,markdownmermaid,,pugong/mkdocs-mermaid-plugin,mkdocs-mermaid-plugin,['plugin'],charts,{},138.0,138.0,2.0,https://pypi.org/project/mkdocs-mermaid-plugin,,,A MkDocs plugin that support mermaid graph in markdown file.,2,True,3.0,,,,,,,,,,,,,,,,,,,
147,markdownwavedrom,,markdownwavedrom,,kuri65536/mkdocs-wavedrom-plugin,mkdocs-wavedrom-plugin,['plugin'],charts,{},16.0,16.0,,https://pypi.org/project/mkdocs-wavedrom-plugin,,,,2,True,3.0,,,,,,,,,,,,,,,,,,,
148,markdown-figcap,,,,funk1d/markdown-figcap,markdown-figcap,['markdown'],charts,{},7.0,7.0,,https://pypi.org/project/markdown-figcap,77.0,77.0,,2,True,3.0,,markdown_figcap,,,,,,,,,,,,,,,,,
149,Termage,,termage,,bczsalba/Termage,Termage,['plugin'],charts,{},3.0,3.0,,https://pypi.org/project/Termage,67.0,67.0,,2,True,3.0,,,,,,,,,,,,,,,,,,,
150,mkdocs-resize-images,,resize-images,,JakubAndrysek/mkdocs-resize-images,mkdocs-resize-images,['plugin'],charts,{},13.0,13.0,,https://pypi.org/project/mkdocs-resize-images,,,,2,True,3.0,,,,,,,,,,,,,,,,,,,
151,mkdocs-d2-plugin,,d2,,landmaj/mkdocs-d2-plugin,mkdocs-d2-plugin,['plugin'],charts,{},38.0,38.0,4.0,https://pypi.org/project/mkdocs-d2-plugin,,,,2,True,3.0,,,,,,,,,,,,,,,,,,,
152,pico-8,,pico-8,,fmaida/pico8-mkdocs-plugin,pico8-mkdocs-plugin,['plugin'],charts,{},3.0,3.0,,https://pypi.org/project/pico8-mkdocs-plugin,67.0,67.0,,2,True,3.0,,,,,,,,,,,,,,,,,,,
153,oEmbedPy,,oembedpy,,attakei/oEmbedPy,oEmbedPy,['plugin'],charts,https://oembedpy.readthedocs.io/en/stable/integrations/mkdocs/,17.0,17.0,2.0,https://pypi.org/project/oEmbedPy,,,MkDocs plugin to render rich contents from URL by oEmbed API.,2,True,3.0,,,,,,,,,,,,,,,,,,,
154,pheasant,,pheasant,,daizutabi/pheasant,pheasant,['plugin'],code-exec-templating,{},,,4.0,https://pypi.org/project/pheasant,339.0,339.0,,2,True,3.0,,,,,,,,,,,,,,,,,,,
155,nbconvert,,nbconvert,,tanbro/mkdocs-nbconvert,mkdocs-nbconvert,['plugin'],code-exec-templating,{},11.0,11.0,5.0,https://pypi.org/project/mkdocs-nbconvert,,,,2,True,3.0,,,,,,,,,,,,,,,,,,,
156,markdown-filter,,markdown-filter,,byrnereese/mkdocs-markdown-filter,mkdocs-markdown-filter,['plugin'],code-exec-templating,{},41.0,41.0,,https://pypi.org/project/mkdocs-markdown-filter,,,,2,True,3.0,,,,,,,,,,,,,,,,,,,
157,Entangled,,entangled,,entangled/mkdocs-plugin,mkdocs-entangled-plugin,['plugin'],code-exec-templating,{},14.0,14.0,,https://pypi.org/project/mkdocs-entangled-plugin,,,,2,True,3.0,,,,,,,,,,,,,,,,,,,
158,placeholder,,placeholder,,six-two/mkdocs-placeholder-plugin,mkdocs-placeholder-plugin,['plugin'],code-exec-templating,{},20.0,20.0,3.0,https://pypi.org/project/mkdocs-placeholder-plugin,,,,2,True,3.0,,,,,,,,,,,,,,,,,,,
159,branchcustomization,,branchcustomization,,effigies/mkdocs-branchcustomization-plugin,mkdocs-branchcustomization-plugin,['plugin'],git-info,{},28.0,28.0,,https://pypi.org/project/mkdocs-branchcustomization-plugin,,,,2,True,3.0,,,,,,,,,,,,,,,,,,,
160,mkdocs-link-embeds,,link-embeds,,Aetherinox/mkdocs-link-embeds,mkdocs-link-embeds-plugin,['plugin'],html-css,{},,,,https://pypi.org/project/mkdocs-link-embeds-plugin,314.0,314.0,,2,True,3.0,,,,,,,,,,,,,,,,,,,
161,Mkdocs translations plugin,,translations,,,mkdocs-translations,['plugin'],i18n-l10n,https://pypi.org/project/mkdocs-translations/,,,,https://pypi.org/project/mkdocs-translations,41.0,41.0,Internationalization plugin for mkdocs.,2,True,3.0,,,,,,,,,,,,,,,,,,,
162,MkDocs Dependency License Information,,mkdocs_licenseinfo,,djpugh/mkdocs_licenseinfo,mkdocs-licenseinfo,['plugin'],integrations,{},,,2.0,https://pypi.org/project/mkdocs-licenseinfo,2251.0,2251.0,,2,True,3.0,,,,,,,,,,,,,,,,,,,
163,Mkdocs-Addresses,,mkdocs-addresses,,,mkdocs-addresses,['plugin'],links-refs,https://gitlab.com/frederic-zinelli/mkdocs-addresses,,,,https://pypi.org/project/mkdocs-addresses,,,"Mkdocs plugin, building automatically the appropriate relative paths (to images, links, anchors, ...) using..",2,True,3.0,,,,frederic-zinelli/mkdocs-addresses,https://gitlab.com/frederic-zinelli/mkdocs-addresses,2023-07-13 16:32:15,0.0,1.0,,,0.0,2023-07-13 16:32:15.000000,,,,,,,
164,tooltipster-links,,tooltipster-links,,zachhannum/mkdocs-tooltipster-links-plugin,mkdocs-tooltipster-links-plugin,['plugin'],links-refs,{},31.0,31.0,,https://pypi.org/project/mkdocs-tooltipster-links-plugin,,,,2,True,3.0,,,,,,,,,,,,,,,,,,,
165,mkdocs-alias-plugin,,alias,,eddyluten/mkdocs-alias-plugin,mkdocs-alias-plugin,['plugin'],links-refs,{},40.0,40.0,6.0,https://pypi.org/project/mkdocs-alias-plugin,,,,2,True,3.0,,,,,,,,,,,,,,,,,,,
166,bibtex,,bibtex,,shyamd/mkdocs-bibtex,mkdocs-bibtex,['plugin'],links-refs,{},,,21.0,https://pypi.org/project/mkdocs-bibtex,,,,2,True,3.0,BSD-3-Clause-LBNL,,,,,,,,,,,,,,,,,,
167,MkDocs Backlinks Section Plugin,,backlinks_section,,six-two/mkdocs-backlinks-section-plugin,mkdocs-backlinks-section-plugin,['plugin'],links-refs,{},,,2.0,https://pypi.org/project/mkdocs-backlinks-section-plugin,3859.0,3859.0,,2,True,3.0,,,,,,,,,,,,,,,,,,,
168,Tweetable quotes,,,,max-arnold/markdown-tweetable,markdown-tweetable,['markdown'],markdown,{},5.0,5.0,,https://pypi.org/project/markdown-tweetable,65.0,65.0,,2,True,3.0,,tweetable.extension,,,,,,,,,,,,,,,,,
169,mkpatcher,,,,ofek/mkpatcher,mkpatcher,['markdown'],markdown,{},12.0,12.0,,https://pypi.org/project/mkpatcher,,,,2,True,3.0,,mkpatcher,,,,,,,,,,,,,,,,,
170,markdown-emdash,,,,czue/markdown-emdash,markdown-emdash,['markdown'],markdown,{},39.0,39.0,,https://pypi.org/project/markdown-emdash,,,,2,True,3.0,,mdx_emdash,,,,,,,,,,,,,,,,,
171,toc-sidebar,,toc-sidebar,,zachhannum/mkdocs-toc-sidebar-plugin,mkdocs-toc-sidebar-plugin,['plugin'],nav-pages,{},54.0,54.0,2.0,https://pypi.org/project/mkdocs-toc-sidebar-plugin,,,,2,True,3.0,,,,,,,,,,,,,,,,,,,
172,mkdocs-categories-plugin,,categories,,eddyluten/mkdocs-categories-plugin,mkdocs-categories-plugin,['plugin'],nav-pages,{},24.0,24.0,,https://pypi.org/project/mkdocs-categories-plugin,,,,2,True,3.0,,,,,,,,,,,,,,,,,,,
173,mkdocs-title-casing-plugin,,title-casing,,mattchristopher314/mkdocs-title-casing-plugin,mkdocs-title-casing-plugin,['plugin'],nav-pages,{},11.0,11.0,,https://pypi.org/project/mkdocs-title-casing-plugin,,,,2,True,3.0,,,,,,,,,,,,,,,,,,,
174,SWAN Gallery,,swangallery,,swan-cern/mkdocs-swangallery,mkdocs-swangallery,['plugin'],nav-pages,{},3.0,3.0,3.0,https://pypi.org/project/mkdocs-swangallery,56.0,56.0,,2,True,3.0,,,,,,,,,,,,,,,,,,,
175,file-filter,,file-filter,,DariuszPorowski/mkdocs-file-filter-plugin,mkdocs-file-filter-plugin,['plugin'],nav-pages,{},18.0,18.0,4.0,https://pypi.org/project/mkdocs-file-filter-plugin,,,,2,True,3.0,,,,,,,,,,,,,,,,,,,
176,mkdocs-pagetree-plugin,,pagetree,,tombreit/mkdocs-pagetree-plugin,mkdocs-pagetree-plugin,['plugin'],nav-pages,{},36.0,36.0,3.0,https://pypi.org/project/mkdocs-pagetree-plugin,,,,2,True,3.0,,,,,,,,,,,,,,,,,,,
177,vim-md-tags,,vim-md-tags,,zachhannum/mkdocs-vim-md-tags-plugin,mkdocs-vim-md-tags-plugin,['plugin'],nav-pages,{},12.0,12.0,4.0,https://pypi.org/project/mkdocs-vim-md-tags-plugin,,,,2,True,3.0,,,,,,,,,,,,,,,,,,,
178,mkdocs-code-validator,,code-validator,,oprypin/mkdocs-code-validator,mkdocs-code-validator,['plugin'],quality,{},21.0,21.0,,https://pypi.org/project/mkdocs-code-validator,,,,2,True,3.0,,,,,,,,,,,,,,,,,,,
179,MkDocs-Test,,test,,fralau/mkdocs-test,,['plugin'],quality,{},,,3.0,,,,,2,True,3.0,MIT,,,,,,,,,,,,,,,,,mkdocs-test,
180,pdf-with-js,,pdf-with-js,,smaxtec/mkdocs-pdf-with-js-plugin,mkdocs-pdf-with-js-plugin,['plugin'],site-conversion,{},13.0,13.0,4.0,https://pypi.org/project/mkdocs-pdf-with-js-plugin,,,,2,True,3.0,,,,,,,,,,,,,,,,,,,
181,progress,,progress,,rdilweb/mkdocs-plugin-progress,,['plugin'],site-management,{},42.0,42.0,4.0,,,,,2,True,3.0,,,,,,,,,,,,,,,,,,,
182,mkdocs-exclude-unused-files,,exclude-unused-files,,JonasDoesThings/mkdocs-exclude-unused-files,mkdocs-exclude-unused-files,['plugin'],site-management,{},28.0,28.0,4.0,https://pypi.org/project/mkdocs-exclude-unused-files,,,,2,True,3.0,,,,,,,,,,,,,,,,,,,
183,no-sitemap,,no-sitemap,,leonardehrenfried/mkdocs-no-sitemap-plugin,mkdocs-no-sitemap-plugin,['plugin'],site-management,{},56.0,56.0,2.0,https://pypi.org/project/mkdocs-no-sitemap-plugin,,,,2,True,3.0,,,,,,,,,,,,,,,,,,,
184,snippet,,snippet,,mprivat/mkdocs-snippet-plugin,mkdocs-snippet-plugin,['plugin'],snippets-include,{},23.0,23.0,4.0,https://pypi.org/project/mkdocs-snippet-plugin,,,,2,True,3.0,,,,,,,,,,,,,,,,,,,
185,git snippet,,gitsnippet,,SamazoOo/mkdocs-gitsnippet-plugin,mkdocs-gitsnippet-plugin,['plugin'],snippets-include,{},14.0,14.0,4.0,https://pypi.org/project/mkdocs-gitsnippet-plugin,,,,2,True,3.0,,,,,,,,,,,,,,,,,,,
186,Cluster,cluster,,,,mkdocs-cluster,['theme'],theming,https://gitlab.com/kaliko/mkdocs-cluster,,,,https://pypi.org/project/mkdocs-cluster,,,Another bootstrap theme for MkDocs.,1,True,3.0,,,,kaliko/mkdocs-cluster,https://gitlab.com/kaliko/mkdocs-cluster,2016-06-02 15:03:33,2.0,,1.0,6.0,0.0,2016-06-02 15:03:33.000000,,,,,,,
187,Markdown Grid Tables,,,,,markdown-grid-tables,['markdown'],markdown,https://gitlab.com/WillDaSilva/markdown_grid_tables,,,,https://pypi.org/project/markdown-grid-tables,,,[Python-Markdown](https://python-markdown.github.io/) [extension](https://python-markdown.github.io/extensions/api/)..,1,True,3.0,,markdown_grid_tables,,WillDaSilva/markdown_grid_tables,https://gitlab.com/WillDaSilva/markdown_grid_tables,2022-02-09 02:39:55,7.0,3.0,1.0,1.0,0.0,2022-02-09 02:39:55.000000,,,,,,,
188,mkdocs-theme-topdf,topdf,,,kuri65536/mkdocs-theme-topdf,mkdocs-theme-topdf,['theme'],theming,{},4.0,4.0,,https://pypi.org/project/mkdocs-theme-topdf,,,,1,True,3.0,,,,,,,,,,,,,,,,,,,
189,KPN for MkDocs,kpn,,,kpn/mkdocs-kpn-theme,mkdocs-kpn,['theme'],theming,{},8.0,8.0,9.0,https://pypi.org/project/mkdocs-kpn,,,,1,True,3.0,,,,,,,,,,,,,,,,,,,
190,Risonia,risonia,"['risonia/color-theme', 'risonia/w3css-classes']",,unverbuggt/mkdocs-risonia-theme,mkdocs-risonia-theme,['theme'],theming,{},4.0,4.0,,https://pypi.org/project/mkdocs-risonia-theme,,,,1,True,3.0,,,,,,,,,,,,,,,,,,,
191,Lantana,lantana,,,WSOFT-Project/lantana,lantana,['theme'],theming,{},8.0,8.0,6.0,https://pypi.org/project/lantana,,,,1,True,3.0,,,,,,,,,,,,,,,,,,,
192,Landing,landing,,,TEParsons/mkdocs-landing,mkdocs-landing,['theme'],theming,{},8.0,8.0,4.0,https://pypi.org/project/mkdocs-landing,,,,1,True,3.0,,,,,,,,,,,,,,,,,,,
193,mkdocs-curriculum-vitae,curriculum-vitae,,,Paul-Riviere/mkdocs-curriculum-vitae,mkdocs-curriculum-vitae,['theme'],theming,{},3.0,3.0,3.0,https://pypi.org/project/mkdocs-curriculum-vitae,,,,1,True,3.0,,,,,,,,,,,,,,,,,,,
194,MkAutoDoc,,,,tomchristie/mkautodoc,mkautodoc,['markdown'],api-docs,{},,,7.0,https://pypi.org/project/mkautodoc,,,,1,True,3.0,BSD,mkautodoc,,,,,,,,,,,,,,,,,
195,inari,,inari,,tkamenoko/inari,inari,['plugin'],api-docs,{},9.0,9.0,,https://pypi.org/project/inari,,,,1,True,3.0,,,,,,,,,,,,,,,,,,,
196,mkdocs-pipeline-visualizer,,pipeline-visualizer,,obegron/mkdocs-pipeline-visualizer,mkdocs-pipeline-visualizer,['plugin'],api-docs,{},3.0,3.0,4.0,https://pypi.org/project/mkdocs-pipeline-visualizer,,,,1,True,3.0,,,,,,,,,,,,,,,,,,,
197,mkdocs-material-adr,,mkdocs-material-adr/adr,,Kl0ven/mkdocs-material-adr,mkdocs-material-adr,['plugin'],api-docs,{},12.0,12.0,2.0,https://pypi.org/project/mkdocs-material-adr,,,,1,True,3.0,,,,,,,,,,,,,,,,,,,
198,import-statement,,import-statement,,Rj40x40/mkdocs-import-statement-plugin,mkdocs-import-statement-plugin,['plugin'],charts,{},4.0,4.0,,https://pypi.org/project/mkdocs-import-statement-plugin,,,,1,True,3.0,,,,,,,,,,,,,,,,,,,
199,inline-svg,,inline-svg,,rajguru7/mkdocs-plugin-inline-svg-mod,mkdocs-plugin-inline-svg-mod,['plugin'],charts,{},7.0,7.0,5.0,https://pypi.org/project/mkdocs-plugin-inline-svg-mod,,,,1,True,3.0,,,,,,,,,,,,,,,,,,,
200,svgbob extension for Python Markdown,,,,mbarkhau/markdown-svgbob,markdown-svgbob,['markdown'],charts,{},10.0,10.0,2.0,https://pypi.org/project/markdown-svgbob,,,,1,True,3.0,,markdown_svgbob,,,,,,,,,,,,,,,,,
201,mkdocs_protobuf,,mkdocs_protobuf,,rymurr/mkdocs-protobuf,mkdocs-protobuf,['plugin'],code-exec-templating,{},,,2.0,https://pypi.org/project/mkdocs-protobuf,,,Mkdocs plugin to render protobuf messages.,1,True,3.0,Apache-2,,,,,,,,,,,,,,,,,,
202,mkjsfiddle,,jsfiddle,,stadiamaps/mkjsfiddle,mkjsfiddle,['plugin'],code-exec-templating,{},3.0,3.0,,https://pypi.org/project/mkjsfiddle,,,,1,True,3.0,,,,,,,,,,,,,,,,,,,
203,mkdocs-add-teaser,,mkdocs-add-teaser,,wilhelmer/mkdocs-add-teaser,mkdocs-add-teaser,['plugin'],html-css,{},8.0,8.0,3.0,https://pypi.org/project/mkdocs-add-teaser,,,,1,True,3.0,,,,,,,,,,,,,,,,,,,
204,Vercel Password Protection,,vercel_pw,,six-two/mkdocs-vercel-pw-plugin,mkdocs-vercel-pw-plugin,['plugin'],integrations,{},,,,https://pypi.org/project/mkdocs-vercel-pw-plugin,39.0,39.0,,1,True,3.0,,,,,,,,,,,,,,,,,,,
205,mkdocs-copy-to-llm,,copy-to-llm,,leonardocustodio/mkdocs-copy-to-llm,mkdocs-copy-to-llm,['plugin'],integrations,{},7.0,7.0,4.0,https://pypi.org/project/mkdocs-copy-to-llm,,,,1,True,3.0,,,,,,,,,,,,,,,,,,,
206,abs-to-rel,,abs-to-rel,,sander76/mkdocs-abs-rel-plugin,mkdocs-abs-rel-plugin,['plugin'],links-refs,{},38.0,38.0,2.0,https://pypi.org/project/mkdocs-abs-rel-plugin,,,,1,True,3.0,,,,,,,,,,,,,,,,,,,
207,unused-files,,unused_files,,wilhelmer/mkdocs-unused-files,mkdocs-unused-files,['plugin'],links-refs,{},40.0,40.0,2.0,https://pypi.org/project/mkdocs-unused-files,,,,1,True,3.0,,,,,,,,,,,,,,,,,,,
208,HEARTBEATS Flavored Markdown,,,,heartbeatsjp/markdown-extension-hbfm,hbfm,['markdown'],markdown,{},10.0,10.0,2.0,https://pypi.org/project/hbfm,,,,1,True,3.0,,"['hbfm.inline_coloring', 'hbfm.inline_list', 'hbfm.number_headers', 'hbfm.quote_uri_hash']",,,,,,,,,,,,,,,,,
209,select-files,,select-files,,supcik/mkdocs-select-files,mkdocs-select-files,['plugin'],nav-pages,{},9.0,9.0,,https://pypi.org/project/mkdocs-select-files,,,Filter pages for assignments.,1,True,3.0,,,,,,,,,,,,,,,,,,,
210,pagenav-generator,,pagenav-generator,,Andre601/mkdocs-pagenav-generator,,['plugin'],nav-pages,{},,,2.0,,,,,1,True,3.0,MIT,,,,,,,,,,,,,,,,,,
211,MkRefs,,mkrefs,,DerwenAI/mkrefs,mkrefs,['plugin'],nav-pages,{},5.0,5.0,2.0,https://pypi.org/project/mkrefs,133.0,133.0,,1,True,3.0,,,,,,,,,,,,,,,,,,,
212,mk2pdf-export,,mk2pdf-export,,HaoLiuHust/mkdocs-mk2pdf-plugin,mkdocs-mk2pdf-plugin,['plugin'],site-conversion,{},3.0,3.0,4.0,https://pypi.org/project/mkdocs-mk2pdf-plugin,,,,1,True,3.0,,,,,,,,,,,,,,,,,,,
213,helm,,helm-repo,,M00nF1sh/mkdocs-helm,mkdocs-helm,['plugin'],site-conversion,{},,,,https://pypi.org/project/mkdocs-helm,57.0,57.0,,1,True,3.0,,,,,,,,,,,,,,,,,,,
214,mkdocs-zip-folders,,zip_folders,,JakubAndrysek/mkdocs-zip-folders,mkdocs-zip-folders,['plugin'],site-conversion,{},,,2.0,https://pypi.org/project/mkdocs-zip-folders,271.0,271.0,,1,True,3.0,,,,,,,,,,,,,,,,,,,
215,multirepo,,,,wilhelmer/mkdocs-multirepo,mkdocs-multirepo,[],site-management,{},3.0,3.0,3.0,https://pypi.org/project/mkdocs-multirepo,,,,1,True,3.0,,,,,,,,,,,,,,,,,,,
216,multiple,,multiple,,experimaestro/mkdocs-multiple,mkdocs-multiple,['plugin'],site-management,{},,,2.0,https://pypi.org/project/mkdocs-multiple,495.0,495.0,,1,True,3.0,,,,,,,,,,,,,,,,,,,
217,MkDocs Merge,,,,ovasquez/mkdocs-merge,mkdocs-merge,[],site-management,{},9.0,9.0,3.0,https://pypi.org/project/mkdocs-merge,,,,1,True,3.0,,,,,,,,,,,,,,,,,,,
218,mkdocs-auto-refresh-build-pages,,auto-refresh-build-pages,,JakubAndrysek/mkdocs-auto-refresh-build-pages,mkdocs-auto-refresh-build-pages,['plugin'],site-management,{},7.0,7.0,,https://pypi.org/project/mkdocs-auto-refresh-build-pages,,,,1,True,3.0,,,,,,,,,,,,,,,,,,,
219,Windmill Dark,windmill-dark,,,noraj/mkdocs-windmill-dark,mkdocs-windmill-dark,['theme'],theming,{},,,4.0,https://pypi.org/project/mkdocs-windmill-dark,,,,0,True,,,,,,,,,,,,,,,,,,,,
220,docSkimmer,docskimmer,,,hfagerlund/mkdocs-docskimmer,,['theme'],theming,{},,,,,,,,0,True,,,,,,,,,,,,,,,,,,,,
221,Bootstrap 4,bootstrap4,"['bootstrap4-blockquotes', 'bootstrap4-tables']",,LukeCarrier/mkdocs-theme-bootstrap4,mkdocs-theme-bootstrap4,['theme'],theming,{},,,3.0,https://pypi.org/project/mkdocs-theme-bootstrap4,,,,0,True,,,,,,,,,,,,,,['mkdocs_theme'],,,,,,
222,Alabaster,alabaster,,,notpushkin/mkdocs-alabaster,mkdocs-alabaster,['theme'],theming,{},,,10.0,https://pypi.org/project/mkdocs-alabaster,,,,0,True,,,,,,,,,,,,,,,,,,,,
223,Torillic,torillic,,,TEParsons/torillic,mkdocs-torillic,['theme'],theming,{},,,4.0,https://pypi.org/project/mkdocs-torillic,,,,0,True,,,,,,,,,,,,,,,,,,,,
224,doxygen,,doxygen,,pieterdavid/mkdocs-doxygen-plugin,,['plugin'],api-docs,{},,,3.0,,,,,0,True,,,,,,,,,,,,,,,,,,,,
225,mktheapidocs,,mktheapidocs,,greenape/mktheapidocs,mktheapidocs,['plugin'],api-docs,{},,,6.0,https://pypi.org/project/mktheapidocs,,,,0,True,,,,,,,,,,,,,,,,,,,,
226,mkdocs-yaarg-plugin,,yaarg,,g6123/mkdocs-yaarg-plugin,mkdocs-yaarg-plugin,['plugin'],api-docs,{},2.0,2.0,,https://pypi.org/project/mkdocs-yaarg-plugin,,,,0,True,,,,,,,,,,,,,,,,,,,,
227,mkdocs-typer,,,,bruce-szalwinski/mkdocs-typer,mkdocs-typer,['markdown'],api-docs,{},,,,https://pypi.org/project/mkdocs-typer,,,,0,True,,,mkdocs-typer,,,,,,,,,,,,,,,,,
228,mkdocstrings-matlab,,,,watermarkhu/mkdocstrings-matlab,mkdocstrings-matlab,,api-docs,{},2.0,2.0,5.0,https://pypi.org/project/mkdocstrings-matlab,,,,0,True,,,,,,,,,,,,,,,,,,,,
229,mkdocs-azure-pipelines,,mkdocs-azure-pipelines,,Wesztman/mkdocs-azure-pipelines,mkdocs-azure-pipelines,['plugin'],api-docs,{},2.0,2.0,3.0,https://pypi.org/project/mkdocs-azure-pipelines,,,,0,True,,,,,,,,,,,,,,,,,,,,
230,mkdocs-apidescribed-plugin,,apidescribed,,idlesign/mkdocs-apidescribed-plugin,mkdocs-apidescribed-plugin,['plugin'],api-docs,{},,,,https://pypi.org/project/mkdocs-apidescribed-plugin,,,,0,True,,,,,,,,,,,,,,,,,,,,
231,blog,,blog,,andyoakley/mkdocs-blog,,['plugin'],blogging,{},,,,,,,,0,True,,,,,,,,,,,,,,,,,,,,
232,rss,,rss,,Guts/mkdocs-rss-plugin,mkdocs-rss-plugin,['plugin'],blogging,{},,,20.0,https://pypi.org/project/mkdocs-rss-plugin,,,,0,True,,,,,,,,,,,,,,,,,,,,
233,python-mkblog,,mkblog,,derJD/python-mkblog,mkblog,['plugin'],blogging,{},,,2.0,https://pypi.org/project/mkblog,62.0,62.0,,0,True,,,,,,,,,,,,,,,,,,,,
234,sequence-js,,sequence-js,,fcannizzaro/mkdocs-sequence-js-plugin,,['plugin'],charts,{},,,,,,,,0,True,,,,,,,,,,,,,,,,,,,,
235,docutools,,"['lcd-find-pages', 'lcd-custom-dir', 'lcd-blacklist', 'lcd-lp', 'lcd-md-replace', 'lcd-page-tree', 'lcd-stats']",,axiros/docutools,docutools,['plugin'],charts,{},,,5.0,https://pypi.org/project/docutools,,,,0,True,,,,,,,,,,,,,,,,,,,,
236,plotly charts,,plotly,,haoda-li/mkdocs-plotly-plugin,mkdocs-plotly-plugin,['plugin'],charts,{},,,4.0,https://pypi.org/project/mkdocs-plotly-plugin,,,,0,True,,,,,,,,,,,,,,,,,,,,
237,image-formatter-plugin,,image-formatter,,ASypula/mkdocs-image-formatter-plugin,mkdocs-image-formatter-plugin,['plugin'],charts,{},2.0,2.0,7.0,https://pypi.org/project/mkdocs-image-formatter-plugin,,,,0,True,,,,,,,,,,,,,,,,,,,,
238,Family tree example,,,,unverbuggt/mkdocs-familytree-example,,[],charts,{},,,6.0,,,,,0,True,,,,,,,,,,,,,,,,,,,,
239,thumbnails,,thumbnails,,normanlorrain/mkdocs-thumbnails,mkdocs-thumbnails,['plugin'],charts,{},,,,https://pypi.org/project/mkdocs-thumbnails,,,,0,True,,,,,,,,,,,,,,,,,,,,
240,jinja2sandbox,,jinja2sandbox,,rkoe/mkdocs-jinja2sandbox,,['plugin'],code-exec-templating,{},,,,,,,,0,True,,,,,,,,,,,,,,,,,,,,
241,mkdocs-markmap,,markmap,,markmap/mkdocs-markmap,mkdocs-markmap,['plugin'],code-exec-templating,{},,,3.0,https://pypi.org/project/mkdocs-markmap,,,,0,True,,,,,,,,,,,,,,,,,,,,
242,mkdocs-jupyterlite,,jupyterlite,,NickCrews/mkdocs-jupyterlite,mkdocs-jupyterlite,['plugin'],code-exec-templating,{},,,3.0,https://pypi.org/project/mkdocs-jupyterlite,,,,0,True,,,,,,,,,,,,,,,,,,,,
243,Termynal,,termynal,,termynal/termynal.py,termynal,['plugin'],code-exec-templating,{},,,8.0,https://pypi.org/project/termynal,,,,0,True,,,,,,,,,,,,,,,,,,,,
244,recently-updated,,recently-updated,,jaywhj/mkdocs-recently-updated-docs,mkdocs-recently-updated-docs,['plugin'],git-info,{},,,,https://pypi.org/project/mkdocs-recently-updated-docs,,,,0,True,,,,,,,,,,,,,,,,,,,,
245,git-latest-release,,git-latest-release,,agarthetiger/mkdocs_latest_release_plugin,mkdocs-latest-release-plugin,['plugin'],git-info,{},,,3.0,https://pypi.org/project/mkdocs-latest-release-plugin,,,,0,True,,,,,,,,,,,,,,,,,,,,
246,Github-Links,,,,Python-Markdown/github-links,mdx-gh-links,['markdown'],git-info,{},,,5.0,https://pypi.org/project/mdx-gh-links,,,,0,True,,,mdx_gh_links,,,,,,,,,,,,,,,,,
247,docstyler,,docstyler,,hfagerlund/mkdocs-docstyler-plugin,,['plugin'],html-css,{},,,,,,,,0,True,,,,,,,,,,,,,,,,,,,,
248,toggle-sidebar,,toggle-sidebar,,six-two/mkdocs-toggle-sidebar-plugin,mkdocs-toggle-sidebar-plugin,['plugin'],html-css,{},,,3.0,https://pypi.org/project/mkdocs-toggle-sidebar-plugin,,,,0,True,,,,,,,,,,,,,,,,,,,,
249,mk-append-to-head,,mk-append-to-head,,marcelaodev/mk-append-to-head,mk-append-to-head,['plugin'],html-css,{},,,,https://pypi.org/project/mk-append-to-head,,,,0,True,,,,,,,,,,,,,,,,,,,,
250,mkdocs-mdpo,,mdpo,,mondeja/mkdocs-mdpo-plugin,mkdocs-mdpo-plugin,['plugin'],i18n-l10n,{},,,4.0,https://pypi.org/project/mkdocs-mdpo-plugin,,,,0,True,,,,,,,,,,,,,,,,,,,,
251,swagger,,swagger,,allevo/mkdocs-swagger-plugin,,['plugin'],integrations,{},,,,,,,,0,True,,,,,,,,,,,,,,,,,,,,
252,mkdocs-render-swagger-plugin,,render_swagger,,bharel/mkdocs-render-swagger-plugin,mkdocs-render-swagger-plugin,['plugin'],integrations,{},,,8.0,https://pypi.org/project/mkdocs-render-swagger-plugin,,,,0,True,,,,,,,,,,,,,,,,,,,,
253,factsheet,,factsheet,,inuits/mkdocs-factsheet,,['plugin'],integrations,{},,,4.0,,,,,0,True,,,,,,,,,,,,,,,,,,,,
254,mkdocs-mcp,,mcp,,ubaumann/mkdocs-mcp,mkdocs-mcp,['plugin'],integrations,{},,,,https://pypi.org/project/mkdocs-mcp,,,,0,True,,,,,,,,,,,,,,,,,,,,
255,Autolink References,,autolink_references,,theskumar/autolink-references-mkdocs-plugin,autolink-references-mkdocs-plugin,['plugin'],links-refs,{},,,3.0,https://pypi.org/project/autolink-references-mkdocs-plugin,,,,0,True,,,,,,,,,,,,,,,,,,,,
256,ArgRef,,argref,,rhshadrach/mkdocs-argref-plugin,mkdocs-argref-plugin,['plugin'],links-refs,{},,,5.0,https://pypi.org/project/mkdocs-argref-plugin,,,,0,True,,,,,,,,,,,,,,,,,,,,
257,autorefs,,autorefs,,mkdocstrings/autorefs,mkdocs-autorefs,['plugin'],links-refs,{},,,9.0,https://pypi.org/project/mkdocs-autorefs,,,,0,True,,,,,,,,,,,,,,,,,,,,
258,webcontext,,webcontext,,Darrelk/mkdocs-webcontext-plugin,mkdocs-webcontext-plugin,['plugin'],links-refs,{},6.0,6.0,2.0,https://pypi.org/project/mkdocs-webcontext-plugin,,,,0,True,,,,,,,,,,,,,,,,,,,,
259,emailprotect,,emailprotect,,rkoe/mkdocs-emailprotect,,['plugin'],links-refs,{},,,,,,,,0,True,,,,,,,,,,,,,,,,,,,,
260,alternate-link,,alternate-link,,cmitu/mkdocs-altlink-plugin,,['plugin'],links-refs,{},,,3.0,,,,,0,True,,,,,,,,,,,,,,,,,,,,
261,mkdocs-issues-plugin,,mkdocs-issues-plugin,,mihaigalos/mkdocs-issues-plugin,mkdocs-issues-plugin,['plugin'],links-refs,{},1.0,1.0,3.0,https://pypi.org/project/mkdocs-issues-plugin,,,,0,True,,,,,,,,,,,,,,,,,,,,
262,Mdx Truly Sane Lists,,,,radude/mdx_truly_sane_lists,mdx-truly-sane-lists,['markdown'],markdown,{},,,4.0,https://pypi.org/project/mdx-truly-sane-lists,,,,0,True,,,mdx_truly_sane_lists,,,,,,,,,,,,,,,,,
263,python-asciimathml,,,,ShadowKyogre/python-asciimathml,asciimathml,['markdown'],markdown,{},,,8.0,https://pypi.org/project/asciimathml,,,,0,True,,,mdx_asciimathml,,,,,,,,,,,,,,,,,
264,Django Static Image,,,,,markdown-djangostaticimage,['markdown'],markdown,https://pypi.org/project/markdown-djangostaticimage/,,,,https://pypi.org/project/markdown-djangostaticimage,,,,0,True,,,django_static_image,,,,,,,,,,,,,,,,,melvinkcx/markdown-extension-django-static-image
265,markdown-icons,,,,MadLittleMods/markdown-icons,markdown-iconfonts,['markdown'],markdown,{},,,4.0,https://pypi.org/project/markdown-iconfonts,,,,0,True,,,iconfonts,,,,,,,,,,,,,,,,,
266,markdown_sub_sup,,,,alberic89/markdown_sub_sup,markdown-sub-sup,['markdown'],markdown,{},,,,https://pypi.org/project/markdown-sub-sup,,,,0,True,,,markdown_sub_sup,,,,,,,,,,,,,,,,,
267,Semantic Data Extension,,,,aleray/mdx_semanticdata,mdx-semanticdata,['markdown'],markdown,{},,,,https://pypi.org/project/mdx-semanticdata,,,,0,True,,,mdx_semanticdata,,,,,,,,,,,,,,,,,
268,Semantic WikiLinks Extension,,,,aleray/mdx_semanticwikilinks,mdx-semanticwikilinks,['markdown'],markdown,{},,,,https://pypi.org/project/mdx-semanticwikilinks,,,,0,True,,,mdx_semanticwikilinks,,,,,,,,,,,,,,,,,
269,Cite Extension,,,,aleray/mdx_cite,mdx-cite,['markdown'],markdown,{},,,,https://pypi.org/project/mdx-cite,,,,0,True,,,mdx_cite,,,,,,,,,,,,,,,,,
270,caption,,,,flywire/caption,,['markdown'],markdown,{},,,4.0,,,,,0,True,,,"['caption', 'image_captions', 'table_captions']",,,,,,,,,,,,,,,,,
271,mkdocs-nav-enhancements,,mkdocs-nav-enhancements,,Rylon/mkdocs-nav-enhancements,mkdocs-nav-enhancements,['plugin'],nav-pages,{},,,,https://pypi.org/project/mkdocs-nav-enhancements,,,,0,True,,,,,,,,,,,,,,,,,,,,
272,section-index,,section-index,,oprypin/mkdocs-section-index,mkdocs-section-index,['plugin'],nav-pages,{},,,3.0,https://pypi.org/project/mkdocs-section-index,,,,0,True,,,,,,,,,,,,,,,,,,,,
273,awesome-list,,awesome-list,,carlosperate/mkdocs-awesome-list-plugin,,['plugin'],nav-pages,{},,,,,,,,0,True,,,,,,,,,,,,,,,,,,,,
274,filename-title,,filename_title,,mipro98/mkdocs-filename-title-plugin,,['plugin'],nav-pages,{},,,,,,,,0,True,,,,,,,,,,,,,,,,,,,,
275,mkdocs-pug,,,,vzhong/mkdocs_pug,mkdocs-pug,[],nav-pages,{},,,,https://pypi.org/project/mkdocs-pug,14.0,14.0,,0,True,,,,,,,,,,,,,,,,,,,,
276,MkDocs Remove Sections Plugin,,remove_sections,,six-two/mkdocs-remove-sections-plugin,mkdocs-remove-sections-plugin,['plugin'],nav-pages,{},,,,https://pypi.org/project/mkdocs-remove-sections-plugin,,,,0,True,,,,,,,,,,,,,,,,,,,,
277,mkdocs-navsorted-plugin,,navsorted,,idlesign/mkdocs-navsorted-plugin,mkdocs-navsorted-plugin,['plugin'],nav-pages,{},,,,https://pypi.org/project/mkdocs-navsorted-plugin,,,mkdocs plugin to get nav sorted without yml directives.,0,True,,,,,,,,,,,,,,,,,,,,
278,authors,,authors,,thomaszwagerman/mkdocs-authors-plugin,mkdocs-authors-plugin,['plugin'],nav-pages,{},,,,https://pypi.org/project/mkdocs-authors-plugin,,,,0,True,,,,,,,,,,,,,,,,,,,,
279,mkdocs-codecheck,,,,byrnereese/codechecker-mkdocs,mkdocs-codecheck,[],quality,{},,,6.0,https://pypi.org/project/mkdocs-codecheck,,,"Traverses a directory tree looking for code samples, then attempts to validate each code sample found.",0,True,,,,,,,,,,,,,,,,,,,,
280,Link Checker,,,,byrnereese/linkchecker-mkdocs,mkdocs-linkcheck,[],quality,{},,,5.0,https://pypi.org/project/mkdocs-linkcheck,,,,0,True,,,,,,,,,,,,,,,,,,,,
281,mktestdocs,,,,koaning/mktestdocs,mktestdocs,[],quality,{},,,6.0,https://pypi.org/project/mktestdocs,,,,0,True,,,,,,,,,,,,,,,,,,,,
282,exclude-search,,exclude-search,,chrieke/mkdocs-exclude-search,mkdocs-exclude-search,['plugin'],search-toc,{},,,6.0,https://pypi.org/project/mkdocs-exclude-search,,,,0,True,,,,,,,,,,,,,,,,,,,,
283,tags,,tags,,jldiaz/mkdocs-plugin-tags,mkdocs-plugin-tags,['plugin'],search-toc,{},,,3.0,https://pypi.org/project/mkdocs-plugin-tags,,,Processes tags in yaml metadata.,0,True,,,,,,,,,,,,,,,,,,,,
284,extract listings,,extract_listings,,six-two/mkdocs-extract-listings-plugin,mkdocs-extract-listings-plugin,['plugin'],search-toc,{},,,,https://pypi.org/project/mkdocs-extract-listings-plugin,,,,0,True,,,,,,,,,,,,,,,,,,,,
285,print-site,,print-site,,timvink/mkdocs-print-site-plugin,mkdocs-print-site-plugin,['plugin'],site-conversion,{},,,17.0,https://pypi.org/project/mkdocs-print-site-plugin,,,,0,True,,,,,,,,,,,,,,,,,,,,
286,mkdocs-autozip,,autozip,,martinohanlon/mkdocs_autozip,mkdocs-autozip,['plugin'],site-conversion,{},,,,https://pypi.org/project/mkdocs-autozip,,,,0,True,,,,,,,,,,,,,,,,,,,,
287,octadocs-adr,,octadocs_adr,,octadocs/octadocs-adr,octadocs-adr,['plugin'],site-management,{},,,,https://pypi.org/project/octadocs-adr,,,,0,True,,,,,,,,,,,,,,,,,,,,
288,mkdocs-yamp,,yamp,,boozallen/mkdocs-yamp-plugin,mkdocs-yamp,['plugin'],site-management,{},7.0,7.0,2.0,https://pypi.org/project/mkdocs-yamp,,,,0,True,,,,,,,,,,,,,,,,,,,,
289,mkdocs-exclude-tagged-files,,mkdocs_exclude_tagged_files,,JonasDoesThings/mkdocs-exclude-tagged-files,mkdocs-exclude-tagged-files,['plugin'],site-management,{},4.0,4.0,2.0,https://pypi.org/project/mkdocs-exclude-tagged-files,,,,0,True,,,,,,,,,,,,,,,,,,,,
290,mkdocs-required-frontmatter-plugin,,required-frontmatter,,unmc-vcr/mkdocs-required-frontmatter-plugin,mkdocs-required-frontmatter-plugin,['plugin'],site-management,{},2.0,2.0,,https://pypi.org/project/mkdocs-required-frontmatter-plugin,,,,0,True,,,,,,,,,,,,,,,,,,,,
291,Mdx Include,,,,neurobin/mdx_include,mdx-include,['markdown'],snippets-include,{},,,3.0,https://pypi.org/project/mdx-include,,,,0,True,,,mdx_include,,,,,,,,,,,,,,,,,
292,mkdocs-rtl,,,,mberneti/mkdocs-rtl,,[],theming,{},,,2.0,,,,,-1,True,3.0,,,,,,,,,,,,,,,,,,,
293,Ivory,ivory,,,daizutabi/mkdocs-ivory,mkdocs-ivory,['theme'],theming,{},,,2.0,https://pypi.org/project/mkdocs-ivory,,,,-1,True,3.0,,,,,,,,,,,,,,,,,,,
294,mkdocs-typedoc,,typedoc,,JakubAndrysek/mkdocs-typedoc,mkdocs-typedoc,['plugin'],api-docs,{},,,2.0,https://pypi.org/project/mkdocs-typedoc,,,,-1,True,3.0,,,,,,,,,,,,,,,,,,,
295,MkDocs Img2Fig Plugin,,img2fig,,stuebersystems/mkdocs-img2fig-plugin,mkdocs-img2fig-plugin,['plugin'],charts,{},,,2.0,https://pypi.org/project/mkdocs-img2fig-plugin,,,,-1,True,3.0,,,,,,,,,,,,,,,,,,,
296,Markdown aafigure,,,,mbarkhau/markdown-aafigure,markdown-aafigure,['markdown'],charts,{},,,2.0,https://pypi.org/project/markdown-aafigure,,,,-1,True,3.0,,markdown_aafigure,,,,,,,,,,,,,,,,,
297,badges,,badges,,six-two/mkdocs-badges,mkdocs-badges,['plugin'],charts,{},,,2.0,https://pypi.org/project/mkdocs-badges,,,,-1,True,3.0,,,,,,,,,,,,,,,,,,,
298,mkdocs-matplotlib,,mkdocs_matplotlib,,AnH0ang/mkdocs-matplotlib,mkdocs-matplotlib,['plugin'],charts,{},,,2.0,https://pypi.org/project/mkdocs-matplotlib,,,,-1,True,3.0,,,,,,,,,,,,,,,,,,,
299,Github Releaase Changelog,,mkdocs_github_changelog,,djpugh/mkdocs_github_changelog,mkdocs-github-changelog,['plugin'],git-info,{},,,2.0,https://pypi.org/project/mkdocs-github-changelog,,,,-1,True,3.0,,,,,,,,,,,,,,,,,,,
300,mkdocs-site-urls,,site-urls,,OctoPrint/mkdocs-site-urls,mkdocs-site-urls,['plugin'],links-refs,{},,,2.0,https://pypi.org/project/mkdocs-site-urls,,,,-1,True,3.0,,,,,,,,,,,,,,,,,,,
301,markdown-del-ins,,,,honzajavorek/markdown-del-ins,markdown-del-ins,['markdown'],markdown,{},,,2.0,https://pypi.org/project/markdown-del-ins,,,,-1,True,3.0,,markdown_del_ins,,,,,,,,,,,,,,,,,
302,Markdown Checklist,,,,FND/markdown-checklist,markdown-checklist,['markdown'],markdown,{},,,2.0,https://pypi.org/project/markdown-checklist,,,,-1,True,3.0,,markdown_checklist.extension,,,,,,,,,,,,,,,,,
303,mkdocs-new-features-notifier,,mkdocs-new-features-notifier,,kevin-411/mkdocs-new-features-notifier,mkdocs-new-features-notifier,['plugin'],site-management,{},,,2.0,https://pypi.org/project/mkdocs-new-features-notifier,,,,-1,True,3.0,,,,,,,,,,,,,,,,,,,
304,mkdocs-note,,mkdocs-note,,virtualguard101/mkdocs-note,mkdocs-note,['plugin'],site-management,{},,,2.0,https://pypi.org/project/mkdocs-note,,,,-1,True,3.0,,,,,,,,,,,,,,,,,,,
